Pattern,Seed,Variant,Count,DistinctHashes,CollidingKeys,MaxMultiplicity
Correlated,372,LongXor,65536,1,65535,65536
Correlated,372,MurmurLow32,65536,65536,0,1
Correlated,372,MurmurFold32,65536,65536,0,1
Correlated,372,XxHashLow32,65536,65535,1,2
Correlated,372,XxHashFold32,65536,65536,0,1
Grid,372,LongXor,65536,32768,32768,2
Grid,372,MurmurLow32,65536,65535,1,2
Grid,372,MurmurFold32,65536,65536,0,1
Grid,372,XxHashLow32,65536,65535,1,2
Grid,372,XxHashFold32,65536,65536,0,1
Row,372,LongXor,65536,65536,0,1
Row,372,MurmurLow32,65536,65536,0,1
Row,372,MurmurFold32,65536,65536,0,1
Row,372,XxHashLow32,65536,65536,0,1
Row,372,XxHashFold32,65536,65534,2,2
Column,372,LongXor,65536,65536,0,1
Column,372,MurmurLow32,65536,65536,0,1
Column,372,MurmurFold32,65536,65536,0,1
Column,372,XxHashLow32,65536,65536,0,1
Column,372,XxHashFold32,65536,65536,0,1
Diagonal,372,LongXor,65536,65536,0,1
Diagonal,372,MurmurLow32,65536,65534,2,2
Diagonal,372,MurmurFold32,65536,65536,0,1
Diagonal,372,XxHashLow32,65536,65536,0,1
Diagonal,372,XxHashFold32,65536,65536,0,1
Random,372,LongXor,65536,65536,0,1
Random,372,MurmurLow32,65536,65534,2,2
Random,372,MurmurFold32,65536,65536,0,1
Random,372,XxHashLow32,65536,65536,0,1
Random,372,XxHashFold32,65536,65536,0,1
Random,7711,LongXor,65536,65536,0,1
Random,7711,MurmurLow32,65536,65535,1,2
Random,7711,MurmurFold32,65536,65536,0,1
Random,7711,XxHashLow32,65536,65536,0,1
Random,7711,XxHashFold32,65536,65535,1,2
Random,173,LongXor,65536,65536,0,1
Random,173,MurmurLow32,65536,65534,2,2
Random,173,MurmurFold32,65536,65536,0,1
Random,173,XxHashLow32,65536,65536,0,1
Random,173,XxHashFold32,65536,65536,0,1
Random,2026,LongXor,65536,65536,0,1
Random,2026,MurmurLow32,65536,65535,1,2
Random,2026,MurmurFold32,65536,65536,0,1
Random,2026,XxHashLow32,65536,65536,0,1
Random,2026,XxHashFold32,65536,65536,0,1
