Zoom,Workload,Method,BeforeUs,AfterUs,BeforeErrorUs,AfterErrorUs,Speedup,BeforeKB,AfterKB,AllocationReductionPercent
8,FullTilePolygon,GetTiles,10759,1934.4,443.02,44.35,5.5619,22524.27,3739.32,83.3987
8,FullTilePolygon,TryGetTilesComplete,10785.3,1915.9,505.11,37.37,5.6294,22474.73,3756.26,83.2867
8,FullTilePolygon,TryGetTilesRejected,997.9,1070.6,51.16,22.8,0.9321,2059.63,2059.04,0.0286
8,DetailedLine,GetTiles,357548.3,371239,1529.72,11485.66,0.9631,231921.71,231942.8,-0.0091
8,DetailedLine,TryGetTilesComplete,356972.6,361722,2221.88,1502.33,0.9869,231947.99,231926.9,0.0091
8,DetailedLine,TryGetTilesRejected,7335.2,7388.7,72.1,196.52,0.9928,4769.1,4766.99,0.0442
8,PolygonWithHole,GetTiles,34105.7,14734.2,286.29,398.1,2.3147,24659.21,10742.69,56.4354
8,PolygonWithHole,TryGetTilesComplete,34017.3,14171.8,224.35,291.06,2.4004,24401.37,10708.02,56.1171
8,PolygonWithHole,TryGetTilesRejected,783.4,950.7,18.85,122.58,0.8240,876.44,876.68,-0.0274
8,MultiPolygon,GetTiles,14078.3,7270.2,392.06,559.81,1.9364,15886.55,7429.88,53.2316
8,MultiPolygon,TryGetTilesComplete,14244.5,7094.4,437.97,327.02,2.0079,15905.96,7475.17,53.0040
8,MultiPolygon,TryGetTilesRejected,335.1,277.4,32.86,1.99,1.2080,402.34,401.23,0.2759
16,FullTilePolygon,GetTiles,10625.8,1978.2,244.21,95.75,5.3714,22324.98,3806.57,82.9493
16,FullTilePolygon,TryGetTilesComplete,10595.1,1981.6,191.88,42.23,5.3467,22312.62,3840.66,82.7871
16,FullTilePolygon,TryGetTilesRejected,1044.4,1087.5,20.33,25.65,0.9604,2137.2,2147.29,-0.4721
16,DetailedLine,GetTiles,359161.8,364575.3,905.06,4836.19,0.9852,238268.93,238181.05,0.0369
16,DetailedLine,TryGetTilesComplete,358516.4,361857.2,5363.9,3728.73,0.9908,238208.04,238186.38,0.0091
16,DetailedLine,TryGetTilesRejected,7211.8,7320.5,75.02,49.7,0.9852,4799.33,4801.02,-0.0352
16,PolygonWithHole,GetTiles,35381.9,15068.4,303.85,362.56,2.3481,24707.66,11239.53,54.5099
16,PolygonWithHole,TryGetTilesComplete,35160.4,15273.4,384.71,260.49,2.3021,24847.95,11255.18,54.7038
16,PolygonWithHole,TryGetTilesRejected,827.6,1035.5,20.64,23.53,0.7992,901.86,899.6,0.2506
16,MultiPolygon,GetTiles,14123.6,7800.1,878.46,131.9,1.8107,15520.85,8404.88,45.8478
16,MultiPolygon,TryGetTilesComplete,13936.5,8532.3,380.78,742.32,1.6334,15529.2,8444.73,45.6203
16,MultiPolygon,TryGetTilesRejected,335.9,352.8,42.01,113.3,0.9521,416.96,416.84,0.0288
25,FullTilePolygon,GetTiles,11332.5,2025.2,530.17,54.75,5.5957,22431.01,3942.79,82.4226
25,FullTilePolygon,TryGetTilesComplete,10930.9,2074.4,242.49,69.14,5.2694,22499.02,3948.38,82.4509
25,FullTilePolygon,TryGetTilesRejected,1068.1,1120.1,31.81,40.31,0.9536,2224.45,2207.73,0.7516
25,DetailedLine,GetTiles,370194.8,370407,8730.62,4675.7,0.9994,238335.38,238313.73,0.0091
25,DetailedLine,TryGetTilesComplete,361308.8,372319.5,697.86,7156.72,0.9704,238340.71,238340.71,0.0000
25,DetailedLine,TryGetTilesRejected,7270.9,7275.7,51.49,34.28,0.9993,4829.49,4827.8,0.0350
25,PolygonWithHole,GetTiles,35061.9,15232,149.82,289.18,2.3019,25005.09,11460.59,54.1670
25,PolygonWithHole,TryGetTilesComplete,35888.8,15412.2,516.38,163.49,2.3286,25013.17,11468.53,54.1500
25,PolygonWithHole,TryGetTilesRejected,860.1,1177.1,191.84,9.24,0.7307,926.66,925.62,0.1122
25,MultiPolygon,GetTiles,13783,8862.3,309.84,676.54,1.5552,15687.95,8596.6,45.2025
25,MultiPolygon,TryGetTilesComplete,14158.6,8848.7,475.53,906.76,1.6001,15763.66,8583.95,45.5460
25,MultiPolygon,TryGetTilesRejected,319.9,482.9,46.53,5.12,0.6625,443.15,441.86,0.2911
