Zoom,Workload,BeforeUs,AfterUs,BeforeErrorUs,AfterErrorUs,ChangePercent,BeforeKB,AfterKB
8,FullTilePolygon,2097.5,2074.8,49.96,56.26,-1.0822,2268.38,2268.38
8,DetailedLine,8473,8609.3,38.76,29.91,1.6086,4786.38,4786.38
8,PolygonWithHole,1184.6,1182.5,30.98,19.86,-0.1773,899.4,899.4
8,MultiPolygon,469.7,487.3,14.84,21.67,3.7471,421.33,421.33
16,FullTilePolygon,2130.6,2155.4,6.58,31.6,1.1640,2350.44,2350.44
16,DetailedLine,8640.5,8529.8,114.15,31.39,-1.2812,4819.04,4819.04
16,PolygonWithHole,1185.3,1170.3,16.06,17.72,-1.2655,922.8,922.8
16,MultiPolygon,473.7,474.2,9.21,8.26,0.1056,436.28,436.28
25,FullTilePolygon,2160.1,2190.4,39.91,18.49,1.4027,2442.76,2442.76
25,DetailedLine,8652.1,8579.9,99.91,106.37,-0.8345,4847.3,4847.3
25,PolygonWithHole,1216.5,1221.6,15.11,26.07,0.4192,949.17,949.17
25,MultiPolygon,501,492.8,4.99,8.24,-1.6367,461.88,461.88
